Jet Kid Start blue Ð£Ð¼Ð½ÑÐµ Ð´ÐµÑÑÐºÐ¸Ðµ ÑÐ°ÑÑ,Jet,ÑÐ¼Ð½ÑÐµ ÑÐ°ÑÑ,Ð¿Ð»Ð°ÑÑÐ¸Ðº,ÐÐ¾Ð½Ð¾ÑÑÐ¾Ð¼Ð½ÑÐ¹,2310 ÑÑÐ±
BAND 6 FOREST GREEN FARA-B19 HUAWEI,Huawei,ÑÐ¸ÑÐ½ÐµÑ Ð±ÑÐ°ÑÐ»ÐµÑ,Ð¿Ð¾Ð»Ð¸Ð¼ÐµÑ,AMOLED,5480 ÑÑÐ±
Ð£Ð¼Ð½ÑÐµ ÑÐ°ÑÑ GT 3 MIL-B19S BLACK HUAWEI,Huawei,ÑÐ¼Ð½ÑÐµ ÑÐ°ÑÑ,Ð¿Ð»Ð°ÑÑÐ¸Ðº,ÐÐ¾Ð½Ð¾ÑÑÐ¾Ð¼Ð½ÑÐ¹,21810 ÑÑÐ±
Ð£Ð¼Ð½ÑÐµ ÑÐ°ÑÑ GT 3 MIL-B19V BROWN HUAWEI,Huawei,ÑÐ¼Ð½ÑÐµ ÑÐ°ÑÑ,Ð½ÐµÑÐ¶Ð°Ð²ÐµÑÑÐ°Ñ ÑÑÐ°Ð»Ñ,AMOLED,21810 ÑÑÐ±
GT RUNNER-B19S BLACK HUAWEI,Huawei,ÑÐ¼Ð½ÑÐµ ÑÐ°ÑÑ,Ð¿Ð»Ð°ÑÑÐ¸Ðº,AMOLED,27770 ÑÑÐ±
GT RUNNER-B19A GREY HUAWEI,Huawei,ÑÐ¼Ð½ÑÐµ ÑÐ°ÑÑ,Ð¿Ð»Ð°ÑÑÐ¸Ðº,AMOLED,27770 ÑÑÐ±
Ð£Ð¼Ð½ÑÐµ ÑÐ°ÑÑ GT 3 MIL-B19 GOLD HUAWEI,Huawei,ÑÐ¼Ð½ÑÐµ ÑÐ°ÑÑ,"Ð½ÐµÑÐ¶Ð°Ð²ÐµÑÑÐ°Ñ ÑÑÐ°Ð»Ñ, Ð¿Ð»Ð°ÑÑÐ¸Ðº",AMOLED,24230 ÑÑÐ±
Ð£Ð¼Ð½ÑÐµ ÑÐ°ÑÑ WATCH 3 GALILEO-L11 STEEL, Huawei,ÑÐ¼Ð½ÑÐµ ÑÐ°ÑÑ,"Ð¼ÐµÑÐ°Ð»Ð», ÐºÐµÑÐ°Ð¼Ð¸ÐºÐ°", AMOLED,32600 ÑÑÐ±
Ð£Ð¼Ð½ÑÐµ ÑÐ°ÑÑ GT 3 JPT-B19V BROWN HUAWEI,Huawei,ÑÐ¼Ð½ÑÐµ ÑÐ°ÑÑ,"Ð½ÐµÑÐ¶Ð°Ð²ÐµÑÑÐ°Ñ ÑÑÐ°Ð»Ñ, Ð¿Ð»Ð°ÑÑÐ¸Ðº",AMOLED,24230 ÑÑÐ±
FIT ELEGANT TIA-B29 MIDNIGHT BLACK,Huawei,ÑÐ¼Ð½ÑÐµ ÑÐ°ÑÑ,Ð½ÐµÑÐ¶Ð°Ð²ÐµÑÑÐ°Ñ ÑÑÐ°Ð»Ñ,AMOLED,11460 ÑÑÐ±
GT 2 MATTE BLACK LTN- B19 HUAWEI,Huawei,Ð¡Ð¼Ð°ÑÑ-ÑÐ°ÑÑ,"Ð¿Ð»Ð°ÑÑÐ¸Ðº, Ð¼ÐµÑÐ°Ð»Ð»",AMOLED,15850 ÑÑÐ±
GT 2 PEBBLE BROWN LTN-B19 HUAWEI,Huawei,ÑÐ¼Ð½ÑÐµ ÑÐ°ÑÑ,"Ð¿Ð»Ð°ÑÑÐ¸Ðº, Ð¼ÐµÑÐ°Ð»Ð»",AMOLED,17070 ÑÑÐ±
GT 2 PRO VID-B19 NEBULA GRAY HUAWEI,Huawei,Ð¡Ð¼Ð°ÑÑ-ÑÐ°ÑÑ,AMOLED,ÑÐ¸ÑÐ°Ð½,27770 ÑÑÐ±
GT 2 PRO VID-B19 NIGHT BLACK HUAWEI,Huawei,Ð¡Ð¼Ð°ÑÑ-ÑÐ°ÑÑ,ÑÐ¸ÑÐ°Ð½,AMOLED,24230 ÑÑÐ±
FIT ELEGANT TIA-B29 FROSTY WHITE HUAWEI,Huawei,ÑÐ¼Ð½ÑÐµ ÑÐ°ÑÑ,Ð½ÐµÑÐ¶Ð°Ð²ÐµÑÑÐ°Ñ ÑÑÐ°Ð»Ñ,AMOLED,11460 ÑÑÐ±
FIT TIA-B09 GRAPHITE BLACK HUAWEI,Huawei,ÑÐ¼Ð½ÑÐµ ÑÐ°ÑÑ,Ð¼ÐµÑÐ°Ð»Ð»,AMOLED,9040 ÑÑÐ±
KIDS 4 PRO ASN-AL10 BLUE HUAWEI,Huawei,Ð¡Ð¼Ð°ÑÑ-ÑÐ°ÑÑ,Ð¿Ð»Ð°ÑÑÐ¸Ðº,AMOLED,15850 ÑÑÐ±
KIDS 4 PRO ASN-AL10 PINK HUAWEI,Huawei,Ð¡Ð¼Ð°ÑÑ-ÑÐ°ÑÑ,Ð¿Ð»Ð°ÑÑÐ¸Ðº,AMOLED,15850 ÑÑÐ±
GT 2 NIGHT BLACK DIANA-B19S HUAWEI,Huawei,Ð¡Ð¼Ð°ÑÑ-ÑÐ°ÑÑ,"Ð¿Ð»Ð°ÑÑÐ¸Ðº, Ð¼ÐµÑÐ°Ð»Ð»",AMOLED,15850 ÑÑÐ±
GT 3 JPT-B19S BLACK HUAWEI,Huawei,Ð¡Ð¼Ð°ÑÑ-ÑÐ°ÑÑ,"Ð½ÐµÑÐ¶Ð°Ð²ÐµÑÑÐ°Ñ ÑÑÐ°Ð»Ñ, Ð¿Ð»Ð°ÑÑÐ¸Ðº",AMOLED,24230 ÑÑÐ±
FIT TIA-B09 DISTILLED BLUE HUAWEI,Huawei,ÑÐ¼Ð½ÑÐµ ÑÐ°ÑÑ,"Ð¿Ð»Ð°ÑÑÐ¸Ðº, Ð¼ÐµÑÐ°Ð»Ð»",AMOLED,9040 ÑÑÐ±
FIT TIA-B09 SAKURA PINK HUAWEI,Huawei,ÑÐ¼Ð½ÑÐµ ÑÐ°ÑÑ,"Ð¿Ð»Ð°ÑÑÐ¸Ðº, Ð¼ÐµÑÐ°Ð»Ð»",AMOLED,9040 ÑÑÐ±
Ð§Ð°ÑÑ Medisana Ð¨Ð°Ð³Ð¾Ð¼ÐµÑ ViFit Connect,Medisana,Ð´Ð°ÑÑÐ¸Ðº,Ð¿Ð»Ð°ÑÑÐ¸Ðº,OLED,4580 ÑÑÐ±
Canyon - CNS-SW82BB,Canyon, Ð¡Ð¼Ð°ÑÑ-ÑÐ°ÑÑ,TFT,ÐÐ¾Ð½Ð¾ÑÑÐ¾Ð¼Ð½ÑÐ¹,4840 ÑÑÐ±
FLY BLACK G-SM16BLK GEOZON,Geozon,Ð¡Ð¼Ð°ÑÑ-ÑÐ°ÑÑ,Ð¼ÐµÑÐ°Ð»Ð»,TFT,3880 ÑÑÐ±
Canyon - CNS-SW81BG,Canyon,Ð¡Ð¼Ð°ÑÑ-ÑÐ°ÑÑ,"Ð¿Ð»Ð°ÑÑÐ¸Ðº, Ð¼ÐµÑÐ°Ð»Ð»",IPS,4510 ÑÑÐ±
MAGIC 2 BLACK 46MM MNS-B39 HONOR,Honor,ÑÐ¼Ð½ÑÐµ ÑÐ°ÑÑ,"Ð¿Ð»Ð°ÑÑÐ¸Ðº, Ð¼ÐµÑÐ°Ð»Ð»",AMOLED,11480 ÑÑÐ±
BAND FIT PLUS RED G-SM14RED GEOZON,Geozon,ÑÐ¸ÑÐ½ÐµÑ Ð±ÑÐ°ÑÐ»ÐµÑ,Ð¿Ð»Ð°ÑÑÐ¸Ðº,TFT,3790 ÑÑÐ±
Mi Smart Band 6,Xiaomi,ÑÐ¸ÑÐ½ÐµÑ Ð±ÑÐ°ÑÐ»ÐµÑ,Ð¿Ð»Ð°ÑÑÐ¸Ðº,AMOLED,4700 ÑÑÐ±
Jet Kid Pinkie Pie,Jet, Ð¡Ð¼Ð°ÑÑ-ÑÐ°ÑÑ,Ð¿Ð»Ð°ÑÑÐ¸Ðº,TFT,5140 ÑÑÐ±
Jet Sport SW-4C 1.54,Jet,Ð¡Ð¼Ð°ÑÑ-ÑÐ°ÑÑ,Ð¼ÐµÑÐ°Ð»Ð»,IPS,4600 ÑÑÐ±
Jet Kid Optimus Prime,Jet,Ð¡Ð¼Ð°ÑÑ-ÑÐ°ÑÑ,Ð¿Ð»Ð°ÑÑÐ¸Ðº,TFT,6050 ÑÑÐ±
Jet Kid Start blue Ð£Ð¼Ð½ÑÐµ Ð´ÐµÑÑÐºÐ¸Ðµ ÑÐ°ÑÑ,Jet,ÑÐ¼Ð½ÑÐµ ÑÐ°ÑÑ,Ð¿Ð»Ð°ÑÑÐ¸Ðº,ÐÐ¾Ð½Ð¾ÑÑÐ¾Ð¼Ð½ÑÐ¹,2310 ÑÑÐ±
BAND 6 FOREST GREEN FARA-B19 HUAWEI,Huawei,ÑÐ¸ÑÐ½ÐµÑ Ð±ÑÐ°ÑÐ»ÐµÑ,Ð¿Ð¾Ð»Ð¸Ð¼ÐµÑ,AMOLED,5480 ÑÑÐ±
Ð£Ð¼Ð½ÑÐµ ÑÐ°ÑÑ GT 3 MIL-B19S BLACK HUAWEI,Huawei,ÑÐ¼Ð½ÑÐµ ÑÐ°ÑÑ,Ð¿Ð»Ð°ÑÑÐ¸Ðº,ÐÐ¾Ð½Ð¾ÑÑÐ¾Ð¼Ð½ÑÐ¹,21810 ÑÑÐ±
Ð£Ð¼Ð½ÑÐµ ÑÐ°ÑÑ GT 3 MIL-B19V BROWN HUAWEI,Huawei,ÑÐ¼Ð½ÑÐµ ÑÐ°ÑÑ,Ð½ÐµÑÐ¶Ð°Ð²ÐµÑÑÐ°Ñ ÑÑÐ°Ð»Ñ,AMOLED,21810 ÑÑÐ±
GT RUNNER-B19S BLACK HUAWEI,Huawei,ÑÐ¼Ð½ÑÐµ ÑÐ°ÑÑ,Ð¿Ð»Ð°ÑÑÐ¸Ðº,AMOLED,27770 ÑÑÐ±
GT RUNNER-B19A GREY HUAWEI,Huawei,ÑÐ¼Ð½ÑÐµ ÑÐ°ÑÑ,Ð¿Ð»Ð°ÑÑÐ¸Ðº,AMOLED,27770 ÑÑÐ±
Ð£Ð¼Ð½ÑÐµ ÑÐ°ÑÑ GT 3 MIL-B19 GOLD HUAWEI,Huawei,ÑÐ¼Ð½ÑÐµ ÑÐ°ÑÑ,"Ð½ÐµÑÐ¶Ð°Ð²ÐµÑÑÐ°Ñ ÑÑÐ°Ð»Ñ, Ð¿Ð»Ð°ÑÑÐ¸Ðº",AMOLED,24230 ÑÑÐ±
Ð£Ð¼Ð½ÑÐµ ÑÐ°ÑÑ WATCH 3 GALILEO-L11 STEEL, Huawei,ÑÐ¼Ð½ÑÐµ ÑÐ°ÑÑ,"Ð¼ÐµÑÐ°Ð»Ð», ÐºÐµÑÐ°Ð¼Ð¸ÐºÐ°", AMOLED,32600 ÑÑÐ±
Ð£Ð¼Ð½ÑÐµ ÑÐ°ÑÑ GT 3 JPT-B19V BROWN HUAWEI,Huawei,ÑÐ¼Ð½ÑÐµ ÑÐ°ÑÑ,"Ð½ÐµÑÐ¶Ð°Ð²ÐµÑÑÐ°Ñ ÑÑÐ°Ð»Ñ, Ð¿Ð»Ð°ÑÑÐ¸Ðº",AMOLED,24230 ÑÑÐ±
FIT ELEGANT TIA-B29 MIDNIGHT BLACK,Huawei,ÑÐ¼Ð½ÑÐµ ÑÐ°ÑÑ,Ð½ÐµÑÐ¶Ð°Ð²ÐµÑÑÐ°Ñ ÑÑÐ°Ð»Ñ,AMOLED,11460 ÑÑÐ±
GT 2 MATTE BLACK LTN- B19 HUAWEI,Huawei,Ð¡Ð¼Ð°ÑÑ-ÑÐ°ÑÑ,"Ð¿Ð»Ð°ÑÑÐ¸Ðº, Ð¼ÐµÑÐ°Ð»Ð»",AMOLED,15850 ÑÑÐ±
GT 2 PEBBLE BROWN LTN-B19 HUAWEI,Huawei,ÑÐ¼Ð½ÑÐµ ÑÐ°ÑÑ,"Ð¿Ð»Ð°ÑÑÐ¸Ðº, Ð¼ÐµÑÐ°Ð»Ð»",AMOLED,17070 ÑÑÐ±
GT 2 PRO VID-B19 NEBULA GRAY HUAWEI,Huawei,Ð¡Ð¼Ð°ÑÑ-ÑÐ°ÑÑ,AMOLED,ÑÐ¸ÑÐ°Ð½,27770 ÑÑÐ±
GT 2 PRO VID-B19 NIGHT BLACK HUAWEI,Huawei,Ð¡Ð¼Ð°ÑÑ-ÑÐ°ÑÑ,ÑÐ¸ÑÐ°Ð½,AMOLED,24230 ÑÑÐ±
FIT ELEGANT TIA-B29 FROSTY WHITE HUAWEI,Huawei,ÑÐ¼Ð½ÑÐµ ÑÐ°ÑÑ,Ð½ÐµÑÐ¶Ð°Ð²ÐµÑÑÐ°Ñ ÑÑÐ°Ð»Ñ,AMOLED,11460 ÑÑÐ±
FIT TIA-B09 GRAPHITE BLACK HUAWEI,Huawei,ÑÐ¼Ð½ÑÐµ ÑÐ°ÑÑ,Ð¼ÐµÑÐ°Ð»Ð»,AMOLED,9040 ÑÑÐ±
KIDS 4 PRO ASN-AL10 BLUE HUAWEI,Huawei,Ð¡Ð¼Ð°ÑÑ-ÑÐ°ÑÑ,Ð¿Ð»Ð°ÑÑÐ¸Ðº,AMOLED,15850 ÑÑÐ±
KIDS 4 PRO ASN-AL10 PINK HUAWEI,Huawei,Ð¡Ð¼Ð°ÑÑ-ÑÐ°ÑÑ,Ð¿Ð»Ð°ÑÑÐ¸Ðº,AMOLED,15850 ÑÑÐ±
GT 2 NIGHT BLACK DIANA-B19S HUAWEI,Huawei,Ð¡Ð¼Ð°ÑÑ-ÑÐ°ÑÑ,"Ð¿Ð»Ð°ÑÑÐ¸Ðº, Ð¼ÐµÑÐ°Ð»Ð»",AMOLED,15850 ÑÑÐ±
GT 3 JPT-B19S BLACK HUAWEI,Huawei,Ð¡Ð¼Ð°ÑÑ-ÑÐ°ÑÑ,"Ð½ÐµÑÐ¶Ð°Ð²ÐµÑÑÐ°Ñ ÑÑÐ°Ð»Ñ, Ð¿Ð»Ð°ÑÑÐ¸Ðº",AMOLED,24230 ÑÑÐ±
FIT TIA-B09 DISTILLED BLUE HUAWEI,Huawei,ÑÐ¼Ð½ÑÐµ ÑÐ°ÑÑ,"Ð¿Ð»Ð°ÑÑÐ¸Ðº, Ð¼ÐµÑÐ°Ð»Ð»",AMOLED,9040 ÑÑÐ±
FIT TIA-B09 SAKURA PINK HUAWEI,Huawei,ÑÐ¼Ð½ÑÐµ ÑÐ°ÑÑ,"Ð¿Ð»Ð°ÑÑÐ¸Ðº, Ð¼ÐµÑÐ°Ð»Ð»",AMOLED,9040 ÑÑÐ±
Ð§Ð°ÑÑ Medisana Ð¨Ð°Ð³Ð¾Ð¼ÐµÑ ViFit Connect,Medisana,Ð´Ð°ÑÑÐ¸Ðº,Ð¿Ð»Ð°ÑÑÐ¸Ðº,OLED,4580 ÑÑÐ±
Canyon - CNS-SW82BB,Canyon, Ð¡Ð¼Ð°ÑÑ-ÑÐ°ÑÑ,TFT,ÐÐ¾Ð½Ð¾ÑÑÐ¾Ð¼Ð½ÑÐ¹,4840 ÑÑÐ±
FLY BLACK G-SM16BLK GEOZON,Geozon,Ð¡Ð¼Ð°ÑÑ-ÑÐ°ÑÑ,Ð¼ÐµÑÐ°Ð»Ð»,TFT,3880 ÑÑÐ±
Canyon - CNS-SW81BG,Canyon,Ð¡Ð¼Ð°ÑÑ-ÑÐ°ÑÑ,"Ð¿Ð»Ð°ÑÑÐ¸Ðº, Ð¼ÐµÑÐ°Ð»Ð»",IPS,4510 ÑÑÐ±
MAGIC 2 BLACK 46MM MNS-B39 HONOR,Honor,ÑÐ¼Ð½ÑÐµ ÑÐ°ÑÑ,"Ð¿Ð»Ð°ÑÑÐ¸Ðº, Ð¼ÐµÑÐ°Ð»Ð»",AMOLED,11480 ÑÑÐ±
BAND FIT PLUS RED G-SM14RED GEOZON,Geozon,ÑÐ¸ÑÐ½ÐµÑ Ð±ÑÐ°ÑÐ»ÐµÑ,Ð¿Ð»Ð°ÑÑÐ¸Ðº,TFT,3790 ÑÑÐ±
Mi Smart Band 6,Xiaomi,ÑÐ¸ÑÐ½ÐµÑ Ð±ÑÐ°ÑÐ»ÐµÑ,Ð¿Ð»Ð°ÑÑÐ¸Ðº,AMOLED,4700 ÑÑÐ±
Jet Kid Pinkie Pie,Jet, Ð¡Ð¼Ð°ÑÑ-ÑÐ°ÑÑ,Ð¿Ð»Ð°ÑÑÐ¸Ðº,TFT,5140 ÑÑÐ±
Jet Sport SW-4C 1.54,Jet,Ð¡Ð¼Ð°ÑÑ-ÑÐ°ÑÑ,Ð¼ÐµÑÐ°Ð»Ð»,IPS,4600 ÑÑÐ±
Jet Kid Optimus Prime,Jet,Ð¡Ð¼Ð°ÑÑ-ÑÐ°ÑÑ,Ð¿Ð»Ð°ÑÑÐ¸Ðº,TFT,6050 ÑÑÐ±
teXet TM-519R,Texet,2.4,Ð¿Ð»Ð°ÑÑÐ¸Ðº,240x320,2490 ÑÑÐ±
Fly Ezzy 3,Fly,1.77,Ð¿Ð»Ð°ÑÑÐ¸Ðº,128x160,1070 ÑÑÐ±
Nokia 150 DS TA-1235,NOKIA, 2.4,Ð¿Ð¾Ð»Ð¸ÐºÐ°ÑÐ±Ð¾Ð½Ð°Ñ,1020 Ð¼ÐÑ,3130 ÑÑÐ±
BQ 2430 Tank Power,BQ, 2.4,Ð¿Ð»Ð°ÑÑÐ¸Ðº,240x320,1920 ÑÑÐ±
NOKIA 130 Dual Sim,NOKIA,1.8,Ð¿Ð»Ð°ÑÑÐ¸Ðº,128x160,1550 ÑÑÐ±
Texet TM-B217,Texet,1.77,Ð¿Ð»Ð°ÑÑÐ¸Ðº,128x160,1830 ÑÑÐ±
NOKIA TA-1253,NOKIA,2.4,Ð¿Ð»Ð°ÑÑÐ¸Ðº,240x320,2020 ÑÑÐ±
Texet 130-TM,Texet,1.77,Ð¿Ð»Ð°ÑÑÐ¸Ðº,128x160,1160 ÑÑÐ±
NOKIA 105 SS TA-1203,NOKIA,1.77,Ð¿Ð»Ð°ÑÑÐ¸Ðº,120x160,1550 ÑÑÐ±
NOKIA 105 DS,NOKIA,1.77,Ð¿Ð»Ð°ÑÑÐ¸Ðº,128x160,1460 ÑÑÐ±
TEXET TM-408,TEXET,2.8,Ð¿Ð»Ð°ÑÑÐ¸Ðº,320x240,2740 ÑÑÐ±
NOKIA 105 Dual sim,NOKIA, 1.77,Ð¿Ð»Ð°ÑÑÐ¸Ðº,120x160,1740 ÑÑÐ±
Texet TM-204,Texet, 2.4,Ð¿Ð»Ð°ÑÑÐ¸Ðº,320x240,1840 ÑÑÐ±
NOKIA 3310 Dual,NOKIA,2.4,Ð¿Ð»Ð°ÑÑÐ¸Ðº,320x240,3350 ÑÑÐ±
NOKIA 3310 Dual,NOKIA,2.4,Ð¿Ð»Ð°ÑÑÐ¸Ðº,320x240,4910 ÑÑÐ±
Texet 130-TM,Texet,1.77,Ð¿Ð»Ð°ÑÑÐ¸Ðº,120x160,1130 ÑÑÐ±
NOKIA 106 DS TA-1114,NOKIA,1.8,Ð¿Ð»Ð°ÑÑÐ¸Ðº,111.2Ñ49.5Ñ14.4 Ð¼Ð¼,1720 ÑÑÐ±
Texet TM-513R,Texet,2,Ð¿Ð»Ð°ÑÑÐ¸Ðº,176x220,3630 ÑÑÐ±
teXet TM-B226,Texet,2.31â,Ð¿Ð»Ð°ÑÑÐ¸Ðº,320x240,2690 ÑÑÐ±
NOKIA 105 DS Blue,NOKIA,1.77,Ð¿Ð»Ð°ÑÑÐ¸Ðº,120x160,1460 ÑÑÐ±
NOKIA 230 Dual Sim,NOKIA,2.8,Ð¿Ð»Ð°ÑÑÐ¸Ðº,320x240,4320 ÑÑÐ±
Alcatel 1066D,Alcatel,1.8,Ð¿Ð»Ð°ÑÑÐ¸Ðº,160x128,2620 ÑÑÐ±
Philips Xenium E172,Philips,2.4,Ð¿Ð»Ð°ÑÑÐ¸Ðº,240x320,2700 ÑÑÐ±
Alcatel 3025X,Alcatel,2.8,Ð¿Ð»Ð°ÑÑÐ¸Ðº,320x240,6600 ÑÑÐ±
Philips Xenium E255,Philips,2.4,Ð¿Ð»Ð°ÑÑÐ¸Ðº,240x320,3480 ÑÑÐ±
Texet TM-D429,Texet,1.77,Ð¿Ð»Ð°ÑÑÐ¸Ðº,128x160,1930 ÑÑÐ±
Alcatel 2019G,Alcatel,2.4,Ð¿Ð»Ð°ÑÑÐ¸Ðº,320x240,4660 ÑÑÐ±
Alcatel OT-3025X,Alcatel,2.8,Ð¿Ð»Ð°ÑÑÐ¸Ðº,320x240,6600 ÑÑÐ±
Digma Linx A230WT 2G,Digma,2.31â,Ð¿Ð»Ð°ÑÑÐ¸Ðº,320x240,4100 ÑÑÐ±
Fly Ezzy Trendy 1,Fly,2.4,Ð¿Ð»Ð°ÑÑÐ¸Ðº,320x240,2030 ÑÑÐ±
Fly S240 Dark Grey,Fly,2.4,Ð¿Ð»Ð°ÑÑÐ¸Ðº,240x320,1600 ÑÑÐ±
NOKIA 3310 Dual,NOKIA,2.4,Ð¿Ð»Ð°ÑÑÐ¸Ðº,320x240,6510 ÑÑÐ±
teXet TM-519R,Texet,2.4,Ð¿Ð»Ð°ÑÑÐ¸Ðº,240x320,2490 ÑÑÐ±
Fly Ezzy 3,Fly,1.77,Ð¿Ð»Ð°ÑÑÐ¸Ðº,128x160,1070 ÑÑÐ±
Nokia 150 DS TA-1235,NOKIA, 2.4,Ð¿Ð¾Ð»Ð¸ÐºÐ°ÑÐ±Ð¾Ð½Ð°Ñ,1020 Ð¼ÐÑ,3130 ÑÑÐ±
BQ 2430 Tank Power,BQ, 2.4,Ð¿Ð»Ð°ÑÑÐ¸Ðº,240x320,1920 ÑÑÐ±
NOKIA 130 Dual Sim,NOKIA,1.8,Ð¿Ð»Ð°ÑÑÐ¸Ðº,128x160,1550 ÑÑÐ±
Texet TM-B217,Texet,1.77,Ð¿Ð»Ð°ÑÑÐ¸Ðº,128x160,1830 ÑÑÐ±
NOKIA TA-1253,NOKIA,2.4,Ð¿Ð»Ð°ÑÑÐ¸Ðº,240x320,2020 ÑÑÐ±
Texet 130-TM,Texet,1.77,Ð¿Ð»Ð°ÑÑÐ¸Ðº,128x160,1160 ÑÑÐ±
NOKIA 105 SS TA-1203,NOKIA,1.77,Ð¿Ð»Ð°ÑÑÐ¸Ðº,120x160,1550 ÑÑÐ±
NOKIA 105 DS,NOKIA,1.77,Ð¿Ð»Ð°ÑÑÐ¸Ðº,128x160,1460 ÑÑÐ±
TEXET TM-408,TEXET,2.8,Ð¿Ð»Ð°ÑÑÐ¸Ðº,320x240,2740 ÑÑÐ±
NOKIA 105 Dual sim,NOKIA, 1.77,Ð¿Ð»Ð°ÑÑÐ¸Ðº,120x160,1740 ÑÑÐ±
Texet TM-204,Texet, 2.4,Ð¿Ð»Ð°ÑÑÐ¸Ðº,320x240,1840 ÑÑÐ±
NOKIA 3310 Dual,NOKIA,2.4,Ð¿Ð»Ð°ÑÑÐ¸Ðº,320x240,3350 ÑÑÐ±
NOKIA 3310 Dual,NOKIA,2.4,Ð¿Ð»Ð°ÑÑÐ¸Ðº,320x240,4910 ÑÑÐ±
Texet 130-TM,Texet,1.77,Ð¿Ð»Ð°ÑÑÐ¸Ðº,120x160,1130 ÑÑÐ±
NOKIA 106 DS TA-1114,NOKIA,1.8,Ð¿Ð»Ð°ÑÑÐ¸Ðº,111.2Ñ49.5Ñ14.4 Ð¼Ð¼,1720 ÑÑÐ±
Texet TM-513R,Texet,2,Ð¿Ð»Ð°ÑÑÐ¸Ðº,176x220,3630 ÑÑÐ±
teXet TM-B226,Texet,2.31â,Ð¿Ð»Ð°ÑÑÐ¸Ðº,320x240,2690 ÑÑÐ±
NOKIA 105 DS Blue,NOKIA,1.77,Ð¿Ð»Ð°ÑÑÐ¸Ðº,120x160,1460 ÑÑÐ±
NOKIA 230 Dual Sim,NOKIA,2.8,Ð¿Ð»Ð°ÑÑÐ¸Ðº,320x240,4320 ÑÑÐ±
Alcatel 1066D,Alcatel,1.8,Ð¿Ð»Ð°ÑÑÐ¸Ðº,160x128,2620 ÑÑÐ±
Philips Xenium E172,Philips,2.4,Ð¿Ð»Ð°ÑÑÐ¸Ðº,240x320,2700 ÑÑÐ±
Alcatel 3025X,Alcatel,2.8,Ð¿Ð»Ð°ÑÑÐ¸Ðº,320x240,6600 ÑÑÐ±
Philips Xenium E255,Philips,2.4,Ð¿Ð»Ð°ÑÑÐ¸Ðº,240x320,3480 ÑÑÐ±
Texet TM-D429,Texet,1.77,Ð¿Ð»Ð°ÑÑÐ¸Ðº,128x160,1930 ÑÑÐ±
Alcatel 2019G,Alcatel,2.4,Ð¿Ð»Ð°ÑÑÐ¸Ðº,320x240,4660 ÑÑÐ±
Alcatel OT-3025X,Alcatel,2.8,Ð¿Ð»Ð°ÑÑÐ¸Ðº,320x240,6600 ÑÑÐ±
Digma Linx A230WT 2G,Digma,2.31â,Ð¿Ð»Ð°ÑÑÐ¸Ðº,320x240,4100 ÑÑÐ±
Fly Ezzy Trendy 1,Fly,2.4,Ð¿Ð»Ð°ÑÑÐ¸Ðº,320x240,2030 ÑÑÐ±
Fly S240 Dark Grey,Fly,2.4,Ð¿Ð»Ð°ÑÑÐ¸Ðº,240x320,1600 ÑÑÐ±
NOKIA 3310 Dual,NOKIA,2.4,Ð¿Ð»Ð°ÑÑÐ¸Ðº,320x240,6510 ÑÑÐ±
"Vampire RGB,9 ÐºÐ½Ð¾Ð¿Ð¾Ðº",Defender , ÐÑÑÑ Ð¿ÑÐ¾Ð²Ð¾Ð´Ð½Ð°Ñ ,USB,Ð´Ð°,1610 ÑÑÐ±
Defender Halo Z GM-430L,Defender ,ÐÑÑÑ Ð¿ÑÐ¾Ð²Ð¾Ð´Ð½Ð°Ñ ,USB,Ð´Ð°,550 ÑÑÐ±
Defender Shark 2,Defender , ÐÑÑÑ Ð±ÐµÑÐ¿ÑÐ¾Ð²Ð¾Ð´Ð½Ð°Ñ ,USB,Ð´Ð°,1480 ÑÑÐ±
Defender sTarx GM-390L,Defender , ÐÑÑÑ Ð¿ÑÐ¾Ð²Ð¾Ð´Ð½Ð°Ñ ,USB,Ð´Ð°,730 ÑÑÐ±
Defender Skull GM-180L,Defender , ÐÑÑÑ Ð¿ÑÐ¾Ð²Ð¾Ð´Ð½Ð°Ñ ,USB,Ð´Ð°,485 ÑÑÐ±
Defender Killer GM-170L,Defender , ÐÑÑÑ Ð¿ÑÐ¾Ð²Ð¾Ð´Ð½Ð°Ñ ,USB,Ð´Ð°,550 ÑÑÐ±
Defender Ghost GM-190L,Defender , ÐÑÑÑ Ð¿ÑÐ¾Ð²Ð¾Ð´Ð½Ð°Ñ ,USB,Ð´Ð°,600 ÑÑÐ±
Defender Witcher GM-990,Defender , ÐÑÑÑ Ð¿ÑÐ¾Ð²Ð¾Ð´Ð½Ð°Ñ ,USB,Ð´Ð°,730 ÑÑÐ±
Logitech G305 LIGHTSPEED Wireless,Logitech , ÐÑÑÑ Ð±ÐµÑÐ¿ÑÐ¾Ð²Ð¾Ð´Ð½Ð°Ñ ,USB + ÑÐ°Ð´Ð¸Ð¾ÐºÐ°Ð½Ð°Ð»,Ð´Ð°,8920 ÑÑÐ±
Logitech G102 LIGHTSYNC Gaming,Logitech , ÐÑÑÑ Ð¿ÑÐ¾Ð²Ð¾Ð´Ð½Ð°Ñ ,USB,Ð´Ð°,4350 ÑÑÐ±
Logitech G PRO HERO Black,Logitech , ÐÑÑÑ Ð¿ÑÐ¾Ð²Ð¾Ð´Ð½Ð°Ñ ,USB,Ð´Ð°,5100 ÑÑÐ±
Logitech G402 Hyperion Fury,Logitech , ÐÑÑÑ Ð¿ÑÐ¾Ð²Ð¾Ð´Ð½Ð°Ñ ,USB,Ð´Ð°,4400 ÑÑÐ±
STM 109CW,STM , ÐÑÑÑ Ð¿ÑÐ¾Ð²Ð¾Ð´Ð½Ð°Ñ ,USB+ ÑÐ°Ð´Ð¸Ð¾ÐºÐ°Ð½Ð°Ð»,Ð´Ð°,455 ÑÑÐ±
Defender MB-986,Defender , ÐÑÑÑ Ð¿ÑÐ¾Ð²Ð¾Ð´Ð½Ð°Ñ ,USB,Ð´Ð°,270 ÑÑÐ±
Gembird MG-520,Gembird , ÐÑÑÑ Ð¿ÑÐ¾Ð²Ð¾Ð´Ð½Ð°Ñ ,USB,Ð´Ð°,720 ÑÑÐ±
CBR CM 846,CBR , ÐÑÑÑ Ð¿ÑÐ¾Ð²Ð¾Ð´Ð½Ð°Ñ ,USB,Ð´Ð°,790 ÑÑÐ±
ÐÐ°ÑÐ½Ð¸Ð·Ð¾Ð½ GM-720G,ÐÐ°ÑÐ½Ð¸Ð·Ð¾Ð½ , ÐÑÑÑ Ð¿ÑÐ¾Ð²Ð¾Ð´Ð½Ð°Ñ ,USB,Ð´Ð°,600 ÑÑÐ±
ÐÐ°ÑÐ½Ð¸Ð·Ð¾Ð½ GM-700G,ÐÐ°ÑÐ½Ð¸Ð·Ð¾Ð½ , ÐÑÑÑ Ð¿ÑÐ¾Ð²Ð¾Ð´Ð½Ð°Ñ ,USB,Ð´Ð°,425 ÑÑÐ±
ÐÐ°ÑÐ½Ð¸Ð·Ð¾Ð½ GM-760G,ÐÐ°ÑÐ½Ð¸Ð·Ð¾Ð½ , ÐÑÑÑ Ð¿ÑÐ¾Ð²Ð¾Ð´Ð½Ð°Ñ ,USB,Ð´Ð°,610 ÑÑÐ±
ÐÐ°ÑÐ½Ð¸Ð·Ð¾Ð½ GM-730G,ÐÐ°ÑÐ½Ð¸Ð·Ð¾Ð½, ÐÑÑÑ Ð¿ÑÐ¾Ð²Ð¾Ð´Ð½Ð°Ñ ,USB,Ð´Ð°,580 ÑÑÐ±
ÐÐ°ÑÐ½Ð¸Ð·Ð¾Ð½ GM-620G,ÐÐ°ÑÐ½Ð¸Ð·Ð¾Ð½ , ÐÑÑÑ Ð¿ÑÐ¾Ð²Ð¾Ð´Ð½Ð°Ñ ,USB,Ð´Ð°,385 ÑÑÐ±
A4TECH Bloody Q51,A4TECH , ÐÑÑÑ Ð¿ÑÐ¾Ð²Ð¾Ð´Ð½Ð°Ñ ,USB,Ð´Ð°,1320 ÑÑÐ±
MGK-03U Dialog Gan-Kata,MGK , ÐÑÑÑ Ð¿ÑÐ¾Ð²Ð¾Ð´Ð½Ð°Ñ ,USB,Ð´Ð°,260 ÑÑÐ±
Defender Flash MB-600L,Defender , ÐÑÑÑ Ð¿ÑÐ¾Ð²Ð¾Ð´Ð½Ð°Ñ ,USB,Ð´Ð°,245 ÑÑÐ±
Gembird MG-550,Gembird , ÐÑÑÑ Ð¿ÑÐ¾Ð²Ð¾Ð´Ð½Ð°Ñ ,USB,Ð´Ð°,830 ÑÑÐ±
Lenovo Legion M200,Lenovo , ÐÑÑÑ Ð¿ÑÐ¾Ð²Ð¾Ð´Ð½Ð°Ñ ,USB,Ð´Ð°,1460 ÑÑÐ±
Sven RX-G750,Sven , ÐÑÑÑ Ð¿ÑÐ¾Ð²Ð¾Ð´Ð½Ð°Ñ ,USB,Ð´Ð°,1590 ÑÑÐ±
Wired Gaming Mouse,Wired , ÐÑÑÑ Ð¿ÑÐ¾Ð²Ð¾Ð´Ð½Ð°Ñ ,USB,Ð´Ð°,960 ÑÑÐ±
MSI Clutch GM08,MSI , ÐÑÑÑ Ð¿ÑÐ¾Ð²Ð¾Ð´Ð½Ð°Ñ ,USB,Ð´Ð°,1690 ÑÑÐ±
Gembird MG-760,Gembird , ÐÑÑÑ Ð¿ÑÐ¾Ð²Ð¾Ð´Ð½Ð°Ñ ,USB,Ð´Ð°,640 ÑÑÐ±
MGK-11U Dialog Gan-Kata,MGK , ÐÑÑÑ Ð¿ÑÐ¾Ð²Ð¾Ð´Ð½Ð°Ñ ,USB,Ð´Ð°,435 ÑÑÐ±
Logitech G102,Logitech , ÐÑÑÑ Ð¿ÑÐ¾Ð²Ð¾Ð´Ð½Ð°Ñ ,USB,Ð´Ð°,2180 ÑÑÐ±
"Vampire RGB,9 ÐºÐ½Ð¾Ð¿Ð¾Ðº",Defender , ÐÑÑÑ Ð¿ÑÐ¾Ð²Ð¾Ð´Ð½Ð°Ñ ,USB,Ð´Ð°,1610 ÑÑÐ±
Defender Halo Z GM-430L,Defender ,ÐÑÑÑ Ð¿ÑÐ¾Ð²Ð¾Ð´Ð½Ð°Ñ ,USB,Ð´Ð°,550 ÑÑÐ±
Defender Shark 2,Defender , ÐÑÑÑ Ð±ÐµÑÐ¿ÑÐ¾Ð²Ð¾Ð´Ð½Ð°Ñ ,USB,Ð´Ð°,1480 ÑÑÐ±
Defender sTarx GM-390L,Defender , ÐÑÑÑ Ð¿ÑÐ¾Ð²Ð¾Ð´Ð½Ð°Ñ ,USB,Ð´Ð°,730 ÑÑÐ±
Defender Skull GM-180L,Defender , ÐÑÑÑ Ð¿ÑÐ¾Ð²Ð¾Ð´Ð½Ð°Ñ ,USB,Ð´Ð°,485 ÑÑÐ±
Defender Killer GM-170L,Defender , ÐÑÑÑ Ð¿ÑÐ¾Ð²Ð¾Ð´Ð½Ð°Ñ ,USB,Ð´Ð°,550 ÑÑÐ±
Defender Ghost GM-190L,Defender , ÐÑÑÑ Ð¿ÑÐ¾Ð²Ð¾Ð´Ð½Ð°Ñ ,USB,Ð´Ð°,600 ÑÑÐ±
Defender Witcher GM-990,Defender , ÐÑÑÑ Ð¿ÑÐ¾Ð²Ð¾Ð´Ð½Ð°Ñ ,USB,Ð´Ð°,730 ÑÑÐ±
Logitech G305 LIGHTSPEED Wireless,Logitech , ÐÑÑÑ Ð±ÐµÑÐ¿ÑÐ¾Ð²Ð¾Ð´Ð½Ð°Ñ ,USB + ÑÐ°Ð´Ð¸Ð¾ÐºÐ°Ð½Ð°Ð»,Ð´Ð°,8920 ÑÑÐ±
Logitech G102 LIGHTSYNC Gaming,Logitech , ÐÑÑÑ Ð¿ÑÐ¾Ð²Ð¾Ð´Ð½Ð°Ñ ,USB,Ð´Ð°,4350 ÑÑÐ±
Logitech G PRO HERO Black,Logitech , ÐÑÑÑ Ð¿ÑÐ¾Ð²Ð¾Ð´Ð½Ð°Ñ ,USB,Ð´Ð°,5100 ÑÑÐ±
Logitech G402 Hyperion Fury,Logitech , ÐÑÑÑ Ð¿ÑÐ¾Ð²Ð¾Ð´Ð½Ð°Ñ ,USB,Ð´Ð°,4400 ÑÑÐ±
STM 109CW,STM , ÐÑÑÑ Ð¿ÑÐ¾Ð²Ð¾Ð´Ð½Ð°Ñ ,USB+ ÑÐ°Ð´Ð¸Ð¾ÐºÐ°Ð½Ð°Ð»,Ð´Ð°,455 ÑÑÐ±
Defender MB-986,Defender , ÐÑÑÑ Ð¿ÑÐ¾Ð²Ð¾Ð´Ð½Ð°Ñ ,USB,Ð´Ð°,270 ÑÑÐ±
Gembird MG-520,Gembird , ÐÑÑÑ Ð¿ÑÐ¾Ð²Ð¾Ð´Ð½Ð°Ñ ,USB,Ð´Ð°,720 ÑÑÐ±
CBR CM 846,CBR , ÐÑÑÑ Ð¿ÑÐ¾Ð²Ð¾Ð´Ð½Ð°Ñ ,USB,Ð´Ð°,790 ÑÑÐ±
ÐÐ°ÑÐ½Ð¸Ð·Ð¾Ð½ GM-720G,ÐÐ°ÑÐ½Ð¸Ð·Ð¾Ð½ , ÐÑÑÑ Ð¿ÑÐ¾Ð²Ð¾Ð´Ð½Ð°Ñ ,USB,Ð´Ð°,600 ÑÑÐ±
ÐÐ°ÑÐ½Ð¸Ð·Ð¾Ð½ GM-700G,ÐÐ°ÑÐ½Ð¸Ð·Ð¾Ð½ , ÐÑÑÑ Ð¿ÑÐ¾Ð²Ð¾Ð´Ð½Ð°Ñ ,USB,Ð´Ð°,425 ÑÑÐ±
ÐÐ°ÑÐ½Ð¸Ð·Ð¾Ð½ GM-760G,ÐÐ°ÑÐ½Ð¸Ð·Ð¾Ð½ , ÐÑÑÑ Ð¿ÑÐ¾Ð²Ð¾Ð´Ð½Ð°Ñ ,USB,Ð´Ð°,610 ÑÑÐ±
ÐÐ°ÑÐ½Ð¸Ð·Ð¾Ð½ GM-730G,ÐÐ°ÑÐ½Ð¸Ð·Ð¾Ð½, ÐÑÑÑ Ð¿ÑÐ¾Ð²Ð¾Ð´Ð½Ð°Ñ ,USB,Ð´Ð°,580 ÑÑÐ±
ÐÐ°ÑÐ½Ð¸Ð·Ð¾Ð½ GM-620G,ÐÐ°ÑÐ½Ð¸Ð·Ð¾Ð½ , ÐÑÑÑ Ð¿ÑÐ¾Ð²Ð¾Ð´Ð½Ð°Ñ ,USB,Ð´Ð°,385 ÑÑÐ±
A4TECH Bloody Q51,A4TECH , ÐÑÑÑ Ð¿ÑÐ¾Ð²Ð¾Ð´Ð½Ð°Ñ ,USB,Ð´Ð°,1320 ÑÑÐ±
MGK-03U Dialog Gan-Kata,MGK , ÐÑÑÑ Ð¿ÑÐ¾Ð²Ð¾Ð´Ð½Ð°Ñ ,USB,Ð´Ð°,260 ÑÑÐ±
Defender Flash MB-600L,Defender , ÐÑÑÑ Ð¿ÑÐ¾Ð²Ð¾Ð´Ð½Ð°Ñ ,USB,Ð´Ð°,245 ÑÑÐ±
Gembird MG-550,Gembird , ÐÑÑÑ Ð¿ÑÐ¾Ð²Ð¾Ð´Ð½Ð°Ñ ,USB,Ð´Ð°,830 ÑÑÐ±
Lenovo Legion M200,Lenovo , ÐÑÑÑ Ð¿ÑÐ¾Ð²Ð¾Ð´Ð½Ð°Ñ ,USB,Ð´Ð°,1460 ÑÑÐ±
Sven RX-G750,Sven , ÐÑÑÑ Ð¿ÑÐ¾Ð²Ð¾Ð´Ð½Ð°Ñ ,USB,Ð´Ð°,1590 ÑÑÐ±
Wired Gaming Mouse,Wired , ÐÑÑÑ Ð¿ÑÐ¾Ð²Ð¾Ð´Ð½Ð°Ñ ,USB,Ð´Ð°,960 ÑÑÐ±
MSI Clutch GM08,MSI , ÐÑÑÑ Ð¿ÑÐ¾Ð²Ð¾Ð´Ð½Ð°Ñ ,USB,Ð´Ð°,1690 ÑÑÐ±
Gembird MG-760,Gembird , ÐÑÑÑ Ð¿ÑÐ¾Ð²Ð¾Ð´Ð½Ð°Ñ ,USB,Ð´Ð°,640 ÑÑÐ±
MGK-11U Dialog Gan-Kata,MGK , ÐÑÑÑ Ð¿ÑÐ¾Ð²Ð¾Ð´Ð½Ð°Ñ ,USB,Ð´Ð°,435 ÑÑÐ±
Logitech G102,Logitech , ÐÑÑÑ Ð¿ÑÐ¾Ð²Ð¾Ð´Ð½Ð°Ñ ,USB,Ð´Ð°,2180 ÑÑÐ±
Seagate ST2000VX008 SATA III 6 Gb/s,Seagate ,3.5,2 Tb ,64 Mb,12240 ÑÑÐ±
Toshiba HDWD105UZSVA,Toshiba  ,3.5,500 Gb ,64 Mb,6200 ÑÑÐ±
SATAIII QK554AA, HP  ,3.5, 500Gb   ,64 Mb ,14360 ÑÑÐ±
Seagate ST2000NM000A, Seagate  ,3.5, 2 Tb  ,64 Mb ,18690 ÑÑÐ±
HGST Ultrastar 7K2, HGST  ,3.5, 2 Tb  ,128 Mb ,25430 ÑÑÐ±
Seagate ST1000DM010, Seagate  ,3.5, 1 Tb  ,64 Mb ,7180 ÑÑÐ±
Toshiba S300 Surveillance, Toshiba  ,3.5, 4 Tb  ,128 Mb ,10710 ÑÑÐ±
Toshiba MG04SCA20EE, Toshiba  ,3.5, 2 Tb  ,128 Mb ,11010 ÑÑÐ±
Toshiba HDWD130UZSVA, Toshiba  ,3.5, 3 Tb  ,64 Mb ,11600 ÑÑÐ±
HDD Toshiba X300, Toshiba  ,3.5, 6Tb  ,128 Mb ,20820 ÑÑÐ±
MbMb cache Seagate, Seagate  ,3.5, 4 Tb  ,256 Mb ,20460 ÑÑÐ±
Seagate Skyhawk ST6000VX001,Seagate  ,3.5,6 Tb  , 256 Mb ,21590 ÑÑÐ±
Seagate Barracuda ST4000DM004, Seagate  ,3.5, 4 Tb  ,256 Mb ,13330 ÑÑÐ±
Toshiba HDWR160UZSVA, Toshiba  ,3.5, 6 Tb  ,256 Mb ,20810 ÑÑÐ±
Seagate IronWolf ST2000VN004,Seagate  ,3.5, 2 Tb  ,64 Mb ,13120 ÑÑÐ±
Toshiba HDWT860UZSVA, Toshiba  ,3.5, 6tb  ,256 Mb ,16480 ÑÑÐ±
Seagate ST16000NM001G, Seagate  ,3.5, 16 Tb  ,256 Mb ,70200 ÑÑÐ±
Toshiba HDWD220UZSVA, Toshiba  ,3.5, 2 Tb  ,64 Mb ,8170 ÑÑÐ±
Toshiba X300 HDWR160EZSTA, Toshiba  ,3.5, 6 Tb  ,128 Mb ,21310 ÑÑÐ±
Seagate Barracuda ST3000DM007, Seagate  ,3.5, 3 Tb  ,256 Mb ,9050 ÑÑÐ±
Toshiba HDWE160UZSVA, Toshiba  ,3.5, 6 Tb  ,128 Mb ,16020 ÑÑÐ±
Toshiba HDWR480EZSTA, Toshiba  ,3.5, 8 Tb  ,256 Mb ,25460 ÑÑÐ±
Western Digital WD20EFAX, Western Digital  ,3.5,  2 Tb  ,256 Mb ,14590 ÑÑÐ±
Toshiba Surveillance S300 HDWT360UZSVA, Toshiba  ,3.5, 6 Tb  ,256 Mb ,16780 ÑÑÐ±
MbMb Seagate ST500DM009, Seagate  ,3.5, 500 Gb  ,32 Mb ,6540 ÑÑÐ±
Western Digital WD20EZBX, Western Digital  ,3.5, 2 Tb  ,256 Mb ,7670 ÑÑÐ±
MbMb Seagate Barracuda ST2000DM008, Seagate  ,3.5, 2 Tb  ,256 Mb ,7110 ÑÑÐ±
Toshiba MG06ACA600E,Toshiba  ,3.5, 6 Tb  ,256 Mb ,19650 ÑÑÐ±
Western Digital WD5003AZEX, Western Digital  ,3.5, 500 Gb  ,64 Mb ,7910 ÑÑÐ±
Western Digital Caviar Red WD10EFRX, Western Digital  ,3.5, 1 Tb  ,64 Mb ,8540 ÑÑÐ±
Toshiba HDWD240EZSTA, Toshiba  ,3.5,4 Tb  ,128 Mb ,11990 ÑÑÐ±
Western Digital WD2003FZEX, Western Digital  ,3.5,  2 Tb  ,64 Mb ,25040 ÑÑÐ±
Seagate ST2000VX008 SATA III 6 Gb/s,Seagate ,3.5,2 Tb ,64 Mb,12240 ÑÑÐ±
Toshiba HDWD105UZSVA,Toshiba  ,3.5,500 Gb ,64 Mb,6200 ÑÑÐ±
SATAIII QK554AA, HP  ,3.5, 500Gb   ,64 Mb ,14360 ÑÑÐ±
Seagate ST2000NM000A, Seagate  ,3.5, 2 Tb  ,64 Mb ,18690 ÑÑÐ±
HGST Ultrastar 7K2, HGST  ,3.5, 2 Tb  ,128 Mb ,25430 ÑÑÐ±
Seagate ST1000DM010, Seagate  ,3.5, 1 Tb  ,64 Mb ,7180 ÑÑÐ±
Toshiba S300 Surveillance, Toshiba  ,3.5, 4 Tb  ,128 Mb ,10710 ÑÑÐ±
Toshiba MG04SCA20EE, Toshiba  ,3.5, 2 Tb  ,128 Mb ,11010 ÑÑÐ±
Toshiba HDWD130UZSVA, Toshiba  ,3.5, 3 Tb  ,64 Mb ,11600 ÑÑÐ±
HDD Toshiba X300, Toshiba  ,3.5, 6Tb  ,128 Mb ,20820 ÑÑÐ±
MbMb cache Seagate, Seagate  ,3.5, 4 Tb  ,256 Mb ,20460 ÑÑÐ±
Seagate Skyhawk ST6000VX001,Seagate  ,3.5,6 Tb  , 256 Mb ,21590 ÑÑÐ±
Seagate Barracuda ST4000DM004, Seagate  ,3.5, 4 Tb  ,256 Mb ,13330 ÑÑÐ±
Toshiba HDWR160UZSVA, Toshiba  ,3.5, 6 Tb  ,256 Mb ,20810 ÑÑÐ±
Seagate IronWolf ST2000VN004,Seagate  ,3.5, 2 Tb  ,64 Mb ,13120 ÑÑÐ±
Toshiba HDWT860UZSVA, Toshiba  ,3.5, 6tb  ,256 Mb ,16480 ÑÑÐ±
Seagate ST16000NM001G, Seagate  ,3.5, 16 Tb  ,256 Mb ,70200 ÑÑÐ±
Toshiba HDWD220UZSVA, Toshiba  ,3.5, 2 Tb  ,64 Mb ,8170 ÑÑÐ±
Toshiba X300 HDWR160EZSTA, Toshiba  ,3.5, 6 Tb  ,128 Mb ,21310 ÑÑÐ±
Seagate Barracuda ST3000DM007, Seagate  ,3.5, 3 Tb  ,256 Mb ,9050 ÑÑÐ±
Toshiba HDWE160UZSVA, Toshiba  ,3.5, 6 Tb  ,128 Mb ,16020 ÑÑÐ±
Toshiba HDWR480EZSTA, Toshiba  ,3.5, 8 Tb  ,256 Mb ,25460 ÑÑÐ±
Western Digital WD20EFAX, Western Digital  ,3.5,  2 Tb  ,256 Mb ,14590 ÑÑÐ±
Toshiba Surveillance S300 HDWT360UZSVA, Toshiba  ,3.5, 6 Tb  ,256 Mb ,16780 ÑÑÐ±
MbMb Seagate ST500DM009, Seagate  ,3.5, 500 Gb  ,32 Mb ,6540 ÑÑÐ±
Western Digital WD20EZBX, Western Digital  ,3.5, 2 Tb  ,256 Mb ,7670 ÑÑÐ±
MbMb Seagate Barracuda ST2000DM008, Seagate  ,3.5, 2 Tb  ,256 Mb ,7110 ÑÑÐ±
Toshiba MG06ACA600E,Toshiba  ,3.5, 6 Tb  ,256 Mb ,19650 ÑÑÐ±
Western Digital WD5003AZEX, Western Digital  ,3.5, 500 Gb  ,64 Mb ,7910 ÑÑÐ±
Western Digital Caviar Red WD10EFRX, Western Digital  ,3.5, 1 Tb  ,64 Mb ,8540 ÑÑÐ±
Toshiba HDWD240EZSTA, Toshiba  ,3.5,4 Tb  ,128 Mb ,11990 ÑÑÐ±
Western Digital WD2003FZEX, Western Digital  ,3.5,  2 Tb  ,64 Mb ,25040 ÑÑÐ±
Defender Warhead G-160,Defender,ÐÑÐ¾Ð²Ð¾Ð´Ð½Ð¾Ð¹,"ÑÐµÑÐ½ÑÐ¹, ÑÐ¸Ð½Ð¸Ð¹",ÐÐ°ÐºÐ»Ð°Ð´Ð½ÑÐµ,620 ÑÑÐ±
Apex Pro,Defender,ÐÑÐ¾Ð²Ð¾Ð´Ð½Ð¾Ð¹,"ÑÐµÑÐ½ÑÐ¹, ÐºÑÐ°ÑÐ½ÑÐ¹",ÐÐ°ÐºÐ»Ð°Ð´Ð½ÑÐµ,1310 ÑÑÐ±
Crown CMGH-2000,Crown,ÐÑÐ¾Ð²Ð¾Ð´Ð½Ð¾Ð¹,"ÑÐµÑÐ½ÑÐ¹, ÐºÑÐ°ÑÐ½ÑÐ¹",ÐÐ°ÐºÐ»Ð°Ð´Ð½ÑÐµ,1500 ÑÑÐ±
Sven AP-G333MV,Sven,ÐÑÐ¾Ð²Ð¾Ð´Ð½Ð¾Ð¹,"ÑÐµÑÐ½ÑÐ¹, ÐºÑÐ°ÑÐ½ÑÐ¹",ÐÐ°ÐºÐ»Ð°Ð´Ð½ÑÐµ,870 ÑÑÐ±
Sven AP-G300MV,Sven,ÐÑÐ¾Ð²Ð¾Ð´Ð½Ð¾Ð¹,"ÑÐµÑÐ½ÑÐ¹, ÐºÑÐ°ÑÐ½ÑÐ¹",ÐÐ°ÐºÐ»Ð°Ð´Ð½ÑÐµ,1030 ÑÑÐ±
Defender Warhead G-320,Defender,ÐÑÐ¾Ð²Ð¾Ð´Ð½Ð¾Ð¹,"ÑÐµÑÐ½ÑÐ¹, Ð·ÐµÐ»ÐµÐ½ÑÐ¹",ÐÐ°ÐºÐ»Ð°Ð´Ð½ÑÐµ,670 ÑÑÐ±
Defender Warhead G-320,Defender,ÐÑÐ¾Ð²Ð¾Ð´Ð½Ð¾Ð¹,"ÑÐµÑÐ½ÑÐ¹, ÐºÑÐ°ÑÐ½ÑÐ¹",ÐÐ°ÐºÐ»Ð°Ð´Ð½ÑÐµ,700 ÑÑÐ±
Defender Tanto 64451,Defender,ÐÑÐ¾Ð²Ð¾Ð´Ð½Ð¾Ð¹,"ÑÐµÑÐ½ÑÐ¹, ÑÐ¸Ð½Ð¸Ð¹",ÐÐºÐ»Ð°Ð´ÑÑÐ¸,590 ÑÑÐ±
Sven AP-U989MV,Sven,ÐÑÐ¾Ð²Ð¾Ð´Ð½Ð¾Ð¹,"ÑÐµÑÐ½ÑÐ¹, ÐºÑÐ°ÑÐ½ÑÐ¹",ÐÐ°ÐºÑÑÑÑÐµ,3770 ÑÑÐ±
Harper Gaming Raster GHS-X15,Harper,ÐÑÐ¾Ð²Ð¾Ð´Ð½Ð¾Ð¹,"ÑÐµÑÐ½ÑÐ¹, Ð·ÐµÐ»ÑÐ½ÑÐ¹",ÐÐ°ÐºÐ»Ð°Ð´Ð½ÑÐµ,2440 ÑÑÐ±
Defender Scylla,Defender,ÐÑÐ¾Ð²Ð¾Ð´Ð½Ð¾Ð¹,"ÑÐµÑÐ½ÑÐ¹, ÐºÑÐ°ÑÐ½ÑÐ¹",ÐÐ°ÐºÑÑÑÑÐµ,1410 ÑÑÐ±
Logitech G332,Logitech ,ÐÑÐ¾Ð²Ð¾Ð´Ð½Ð¾Ð¹,"ÑÐµÑÐ½ÑÐ¹, ÐºÑÐ°ÑÐ½ÑÐ¹",ÐÐ°ÐºÐ»Ð°Ð´Ð½ÑÐµ,5150 ÑÑÐ±
Perfeo STRIKE,Perfeo,ÐÑÐ¾Ð²Ð¾Ð´Ð½Ð¾Ð¹,"ÑÐµÑÐ½ÑÐ¹, ÑÐ¸Ð½Ð¸Ð¹",ÐÐ°ÐºÐ»Ð°Ð´Ð½ÑÐµ,900 ÑÑÐ±
Defender Lagopasmtus 2,Defender,ÐÑÐ¾Ð²Ð¾Ð´Ð½Ð¾Ð¹,"ÑÐµÑÐ½ÑÐ¹, ÐºÑÐ°ÑÐ½ÑÐ¹",ÐÐ°ÐºÑÑÑÑÐµ,1560 ÑÑÐ±
GHS-R100,Harper ,ÐÑÐ¾Ð²Ð¾Ð´Ð½Ð¾Ð¹,"ÑÐµÑÐ½ÑÐ¹, Ð·ÐµÐ»ÑÐ½ÑÐ¹",ÐÐ°ÐºÐ»Ð°Ð´Ð½ÑÐµ,1300 ÑÑÐ±
Defender Memecoleous,Defender,ÐÑÐ¾Ð²Ð¾Ð´Ð½Ð¾Ð¹,"ÑÐµÑÐ½ÑÐ¹, ÐºÑÐ°ÑÐ½ÑÐ¹",ÐÐ°ÐºÑÑÑÑÐµ,2520 ÑÑÐ±
Defender TUNE 130,Defender,ÐÑÐ¾Ð²Ð¾Ð´Ð½Ð¾Ð¹,"ÑÐµÑÐ½ÑÐ¹, ÐºÑÐ°ÑÐ½ÑÐ¹",ÐÐ°ÐºÐ»Ð°Ð´Ð½ÑÐµ,750 ÑÑÐ±
Sven AP-U880MV,Sven,ÐÑÐ¾Ð²Ð¾Ð´Ð½Ð¾Ð¹,"ÑÐµÑÐ½ÑÐ¹, ÐºÑÐ°ÑÐ½ÑÐ¹", ÐÐ°ÐºÑÑÑÑÐµ,2210 ÑÑÐ±
Dialog HGK-20L,Dialog,ÐÑÐ¾Ð²Ð¾Ð´Ð½Ð¾Ð¹,"ÑÐµÑÐ½ÑÐ¹, ÐºÑÐ°ÑÐ½ÑÐ¹",ÐÐ¾Ð½Ð¸ÑÐ¾ÑÐ½ÑÐµ,1120 ÑÑÐ±
Logitech G333,Logitech,ÐÑÐ¾Ð²Ð¾Ð´Ð½Ð¾Ð¹,ÑÐ¸Ð¾Ð»ÐµÑÐ¾Ð²ÑÐ¹,ÐÐºÐ»Ð°Ð´ÑÑÐ¸,5330 ÑÑÐ±
Sven AP-U990MV,Sven,ÐÑÐ¾Ð²Ð¾Ð´Ð½Ð¾Ð¹,"ÑÐµÑÐ½ÑÐ¹, ÐºÑÐ°ÑÐ½ÑÐ¹",ÐÐ°ÐºÐ»Ð°Ð´Ð½ÑÐµ,3360 ÑÑÐ±
Crown CMGH-3100,Crown,ÐÑÐ¾Ð²Ð¾Ð´Ð½Ð¾Ð¹,"ÑÐµÑÐ½ÑÐ¹, ÐºÑÐ°ÑÐ½ÑÐ¹",ÐÐ¾Ð½Ð¸ÑÐ¾ÑÐ½ÑÐµ,3110 ÑÑÐ±
Triton Ð·Ð²ÑÐº 7.1,Defender,ÐÑÐ¾Ð²Ð¾Ð´Ð½Ð¾Ð¹,ÑÐµÑÐ½ÑÐ¹,ÐÐ°ÐºÑÑÑÑÐµ,4740 ÑÑÐ±
Ritmix RH-540M,Ritmix,ÐÑÐ¾Ð²Ð¾Ð´Ð½Ð¾Ð¹,ÑÐµÑÐ½ÑÐ¹,ÐÐ°ÐºÐ»Ð°Ð´Ð½ÑÐµ,830 ÑÑÐ±
Redragon Minos,Defender,ÐÑÐ¾Ð²Ð¾Ð´Ð½Ð¾Ð¹,"ÑÐµÑÐ½ÑÐ¹, ÐºÑÐ°ÑÐ½ÑÐ¹",ÐÐ°ÐºÐ»Ð°Ð´Ð½ÑÐµ,2210 ÑÑÐ±
HARRIER 360,Verbatim,ÐÑÐ¾Ð²Ð¾Ð´Ð½Ð¾Ð¹,"ÑÐµÑÐ½ÑÐ¹, ÑÐ¸Ð½Ð¸Ð¹",ÐÐ°ÐºÐ»Ð°Ð´Ð½ÑÐµ,4220 ÑÑÐ±
Razer Kraken X Lite,Razer,ÐÑÐ¾Ð²Ð¾Ð´Ð½Ð¾Ð¹,ÑÐµÑÐ½ÑÐ¹,ÐÐ¾Ð½Ð¸ÑÐ¾ÑÐ½ÑÐµ,5030 ÑÑÐ±
Defender Lester,Defender,ÐÑÐ¾Ð²Ð¾Ð´Ð½Ð¾Ð¹,"ÑÐµÑÐ½ÑÐ¹, ÐºÑÐ°ÑÐ½ÑÐ¹",ÐÐ°ÐºÐ»Ð°Ð´Ð½ÑÐµ,1620 ÑÑÐ±
Defender Excidium,Defender,ÐÑÐ¾Ð²Ð¾Ð´Ð½Ð¾Ð¹,"ÑÐµÑÐ½ÑÐ¹, ÐºÑÐ°ÑÐ½ÑÐ¹",ÐÐ°ÐºÐ»Ð°Ð´Ð½ÑÐµ,1030 ÑÑÐ±
Sven AP-G857MV,Sven ,ÐÑÐ¾Ð²Ð¾Ð´Ð½Ð¾Ð¹,"ÑÐµÑÐ½ÑÐ¹, ÐºÑÐ°ÑÐ½ÑÐ¹",ÐÐ°ÐºÐ»Ð°Ð´Ð½ÑÐµ,1660 ÑÑÐ±
Perfeo ACTION,Perfeo,ÐÑÐ¾Ð²Ð¾Ð´Ð½Ð¾Ð¹,"ÑÐµÑÐ½ÑÐ¹, ÐºÑÐ°ÑÐ½ÑÐ¹",ÐÐ°ÐºÐ»Ð°Ð´Ð½ÑÐµ,950 ÑÑÐ±
HP Pavilion Gaming 600,HP,ÐÑÐ¾Ð²Ð¾Ð´Ð½Ð¾Ð¹,"ÑÐµÑÐ½ÑÐ¹, Ð·ÐµÐ»ÐµÐ½ÑÐ¹",ÐÐ°ÐºÐ»Ð°Ð´Ð½ÑÐµ,4480 ÑÑÐ±
Defender Warhead G-160,Defender,ÐÑÐ¾Ð²Ð¾Ð´Ð½Ð¾Ð¹,"ÑÐµÑÐ½ÑÐ¹, ÑÐ¸Ð½Ð¸Ð¹",ÐÐ°ÐºÐ»Ð°Ð´Ð½ÑÐµ,620 ÑÑÐ±
Apex Pro,Defender,ÐÑÐ¾Ð²Ð¾Ð´Ð½Ð¾Ð¹,"ÑÐµÑÐ½ÑÐ¹, ÐºÑÐ°ÑÐ½ÑÐ¹",ÐÐ°ÐºÐ»Ð°Ð´Ð½ÑÐµ,1310 ÑÑÐ±
Crown CMGH-2000,Crown,ÐÑÐ¾Ð²Ð¾Ð´Ð½Ð¾Ð¹,"ÑÐµÑÐ½ÑÐ¹, ÐºÑÐ°ÑÐ½ÑÐ¹",ÐÐ°ÐºÐ»Ð°Ð´Ð½ÑÐµ,1500 ÑÑÐ±
Sven AP-G333MV,Sven,ÐÑÐ¾Ð²Ð¾Ð´Ð½Ð¾Ð¹,"ÑÐµÑÐ½ÑÐ¹, ÐºÑÐ°ÑÐ½ÑÐ¹",ÐÐ°ÐºÐ»Ð°Ð´Ð½ÑÐµ,870 ÑÑÐ±
Sven AP-G300MV,Sven,ÐÑÐ¾Ð²Ð¾Ð´Ð½Ð¾Ð¹,"ÑÐµÑÐ½ÑÐ¹, ÐºÑÐ°ÑÐ½ÑÐ¹",ÐÐ°ÐºÐ»Ð°Ð´Ð½ÑÐµ,1030 ÑÑÐ±
Defender Warhead G-320,Defender,ÐÑÐ¾Ð²Ð¾Ð´Ð½Ð¾Ð¹,"ÑÐµÑÐ½ÑÐ¹, Ð·ÐµÐ»ÐµÐ½ÑÐ¹",ÐÐ°ÐºÐ»Ð°Ð´Ð½ÑÐµ,670 ÑÑÐ±
Defender Warhead G-320,Defender,ÐÑÐ¾Ð²Ð¾Ð´Ð½Ð¾Ð¹,"ÑÐµÑÐ½ÑÐ¹, ÐºÑÐ°ÑÐ½ÑÐ¹",ÐÐ°ÐºÐ»Ð°Ð´Ð½ÑÐµ,700 ÑÑÐ±
Defender Tanto 64451,Defender,ÐÑÐ¾Ð²Ð¾Ð´Ð½Ð¾Ð¹,"ÑÐµÑÐ½ÑÐ¹, ÑÐ¸Ð½Ð¸Ð¹",ÐÐºÐ»Ð°Ð´ÑÑÐ¸,590 ÑÑÐ±
Sven AP-U989MV,Sven,ÐÑÐ¾Ð²Ð¾Ð´Ð½Ð¾Ð¹,"ÑÐµÑÐ½ÑÐ¹, ÐºÑÐ°ÑÐ½ÑÐ¹",ÐÐ°ÐºÑÑÑÑÐµ,3770 ÑÑÐ±
Harper Gaming Raster GHS-X15,Harper,ÐÑÐ¾Ð²Ð¾Ð´Ð½Ð¾Ð¹,"ÑÐµÑÐ½ÑÐ¹, Ð·ÐµÐ»ÑÐ½ÑÐ¹",ÐÐ°ÐºÐ»Ð°Ð´Ð½ÑÐµ,2440 ÑÑÐ±
Defender Scylla,Defender,ÐÑÐ¾Ð²Ð¾Ð´Ð½Ð¾Ð¹,"ÑÐµÑÐ½ÑÐ¹, ÐºÑÐ°ÑÐ½ÑÐ¹",ÐÐ°ÐºÑÑÑÑÐµ,1410 ÑÑÐ±
Logitech G332,Logitech ,ÐÑÐ¾Ð²Ð¾Ð´Ð½Ð¾Ð¹,"ÑÐµÑÐ½ÑÐ¹, ÐºÑÐ°ÑÐ½ÑÐ¹",ÐÐ°ÐºÐ»Ð°Ð´Ð½ÑÐµ,5150 ÑÑÐ±
Perfeo STRIKE,Perfeo,ÐÑÐ¾Ð²Ð¾Ð´Ð½Ð¾Ð¹,"ÑÐµÑÐ½ÑÐ¹, ÑÐ¸Ð½Ð¸Ð¹",ÐÐ°ÐºÐ»Ð°Ð´Ð½ÑÐµ,900 ÑÑÐ±
Defender Lagopasmtus 2,Defender,ÐÑÐ¾Ð²Ð¾Ð´Ð½Ð¾Ð¹,"ÑÐµÑÐ½ÑÐ¹, ÐºÑÐ°ÑÐ½ÑÐ¹",ÐÐ°ÐºÑÑÑÑÐµ,1560 ÑÑÐ±
GHS-R100,Harper ,ÐÑÐ¾Ð²Ð¾Ð´Ð½Ð¾Ð¹,"ÑÐµÑÐ½ÑÐ¹, Ð·ÐµÐ»ÑÐ½ÑÐ¹",ÐÐ°ÐºÐ»Ð°Ð´Ð½ÑÐµ,1300 ÑÑÐ±
Defender Memecoleous,Defender,ÐÑÐ¾Ð²Ð¾Ð´Ð½Ð¾Ð¹,"ÑÐµÑÐ½ÑÐ¹, ÐºÑÐ°ÑÐ½ÑÐ¹",ÐÐ°ÐºÑÑÑÑÐµ,2520 ÑÑÐ±
Defender TUNE 130,Defender,ÐÑÐ¾Ð²Ð¾Ð´Ð½Ð¾Ð¹,"ÑÐµÑÐ½ÑÐ¹, ÐºÑÐ°ÑÐ½ÑÐ¹",ÐÐ°ÐºÐ»Ð°Ð´Ð½ÑÐµ,750 ÑÑÐ±
Sven AP-U880MV,Sven,ÐÑÐ¾Ð²Ð¾Ð´Ð½Ð¾Ð¹,"ÑÐµÑÐ½ÑÐ¹, ÐºÑÐ°ÑÐ½ÑÐ¹", ÐÐ°ÐºÑÑÑÑÐµ,2210 ÑÑÐ±
Dialog HGK-20L,Dialog,ÐÑÐ¾Ð²Ð¾Ð´Ð½Ð¾Ð¹,"ÑÐµÑÐ½ÑÐ¹, ÐºÑÐ°ÑÐ½ÑÐ¹",ÐÐ¾Ð½Ð¸ÑÐ¾ÑÐ½ÑÐµ,1120 ÑÑÐ±
Logitech G333,Logitech,ÐÑÐ¾Ð²Ð¾Ð´Ð½Ð¾Ð¹,ÑÐ¸Ð¾Ð»ÐµÑÐ¾Ð²ÑÐ¹,ÐÐºÐ»Ð°Ð´ÑÑÐ¸,5330 ÑÑÐ±
Sven AP-U990MV,Sven,ÐÑÐ¾Ð²Ð¾Ð´Ð½Ð¾Ð¹,"ÑÐµÑÐ½ÑÐ¹, ÐºÑÐ°ÑÐ½ÑÐ¹",ÐÐ°ÐºÐ»Ð°Ð´Ð½ÑÐµ,3360 ÑÑÐ±
Crown CMGH-3100,Crown,ÐÑÐ¾Ð²Ð¾Ð´Ð½Ð¾Ð¹,"ÑÐµÑÐ½ÑÐ¹, ÐºÑÐ°ÑÐ½ÑÐ¹",ÐÐ¾Ð½Ð¸ÑÐ¾ÑÐ½ÑÐµ,3110 ÑÑÐ±
Triton Ð·Ð²ÑÐº 7.1,Defender,ÐÑÐ¾Ð²Ð¾Ð´Ð½Ð¾Ð¹,ÑÐµÑÐ½ÑÐ¹,ÐÐ°ÐºÑÑÑÑÐµ,4740 ÑÑÐ±
Ritmix RH-540M,Ritmix,ÐÑÐ¾Ð²Ð¾Ð´Ð½Ð¾Ð¹,ÑÐµÑÐ½ÑÐ¹,ÐÐ°ÐºÐ»Ð°Ð´Ð½ÑÐµ,830 ÑÑÐ±
Redragon Minos,Defender,ÐÑÐ¾Ð²Ð¾Ð´Ð½Ð¾Ð¹,"ÑÐµÑÐ½ÑÐ¹, ÐºÑÐ°ÑÐ½ÑÐ¹",ÐÐ°ÐºÐ»Ð°Ð´Ð½ÑÐµ,2210 ÑÑÐ±
HARRIER 360,Verbatim,ÐÑÐ¾Ð²Ð¾Ð´Ð½Ð¾Ð¹,"ÑÐµÑÐ½ÑÐ¹, ÑÐ¸Ð½Ð¸Ð¹",ÐÐ°ÐºÐ»Ð°Ð´Ð½ÑÐµ,4220 ÑÑÐ±
Razer Kraken X Lite,Razer,ÐÑÐ¾Ð²Ð¾Ð´Ð½Ð¾Ð¹,ÑÐµÑÐ½ÑÐ¹,ÐÐ¾Ð½Ð¸ÑÐ¾ÑÐ½ÑÐµ,5030 ÑÑÐ±
Defender Lester,Defender,ÐÑÐ¾Ð²Ð¾Ð´Ð½Ð¾Ð¹,"ÑÐµÑÐ½ÑÐ¹, ÐºÑÐ°ÑÐ½ÑÐ¹",ÐÐ°ÐºÐ»Ð°Ð´Ð½ÑÐµ,1620 ÑÑÐ±
Defender Excidium,Defender,ÐÑÐ¾Ð²Ð¾Ð´Ð½Ð¾Ð¹,"ÑÐµÑÐ½ÑÐ¹, ÐºÑÐ°ÑÐ½ÑÐ¹",ÐÐ°ÐºÐ»Ð°Ð´Ð½ÑÐµ,1030 ÑÑÐ±
Sven AP-G857MV,Sven ,ÐÑÐ¾Ð²Ð¾Ð´Ð½Ð¾Ð¹,"ÑÐµÑÐ½ÑÐ¹, ÐºÑÐ°ÑÐ½ÑÐ¹",ÐÐ°ÐºÐ»Ð°Ð´Ð½ÑÐµ,1660 ÑÑÐ±
Perfeo ACTION,Perfeo,ÐÑÐ¾Ð²Ð¾Ð´Ð½Ð¾Ð¹,"ÑÐµÑÐ½ÑÐ¹, ÐºÑÐ°ÑÐ½ÑÐ¹",ÐÐ°ÐºÐ»Ð°Ð´Ð½ÑÐµ,950 ÑÑÐ±
HP Pavilion Gaming 600,HP,ÐÑÐ¾Ð²Ð¾Ð´Ð½Ð¾Ð¹,"ÑÐµÑÐ½ÑÐ¹, Ð·ÐµÐ»ÐµÐ½ÑÐ¹",ÐÐ°ÐºÐ»Ð°Ð´Ð½ÑÐµ,4480 ÑÑÐ±
